{
  "width": 640,
  "height": 480,
  "fx": 606.7640380859375,
  "fy": 605.6474609375,
  "ppx": 323.8959045410156,
  "ppy": 251.49124145507812,
  "K": [
    [
      606.7640380859375,
      0,
      323.8959045410156
    ],
    [
      0,
      605.6474609375,
      251.49124145507812
    ],
    [
      0,
      0,
      1
    ]
  ]
}